address,unlocked,locked
0xfC4B2a62A06cb2E1C6A743E9aE327Bb16977E4c1,0,30
0xD52Fa4FD14e161A38395F212Db8A4130331E566e,0,14
0xf9E0F77Ee583bA9Ba04658381310C19C2a1B62b1,0,14
0xAdE9e51C9E23d64E538A7A38656B78aB6Bcc349e,0,12
0x889cE9c13dbD3C5DFBE6327432F5DD15bEDD206e,1,11
0x15061b3aA8C2e9738fcC3ea2243AE53d9eB402F4,0,11
0x7338afb07db145220849B04A45243956f20B14d9,1,10
0xF9809ce9761FfABE887C4758E045a6a21e627dBc,0,10
0xD2e1BdD5Fb6177Ca4ab9f31f3442c0aadE020F71,0,10
0x15b9125865025d4f23764457327acb861C0A9DfD,0,10
0x8aa0CB1f9682A62bc7DfB45a35521A3FB96F1615,0,10
0x14b1b3fF91525Dd00E8fb8Ce000097ce7d1Cb251,0,9
0xda51A9b56d69A194083025eAc9c4c24452848e01,0,9
0x873525B1B479431Bd713D59897218bfDC341c0Cf,0,9
0xAAc0aa431c237C2C0B5f041c8e59B3f1a43aC78F,1,8
0x6eBc3Ffa70033c265fB0c4036D9D37659C742Ea0,0,8
0xa8b4C7F8B3d91b324F815252da74884E68FB4C4C,0,8
0xA9481b01D807d41cDB4Bb3E6520Da9719CF09Ce9,0,7
0xd87EcC6C74F486B044824a222326A96F696fCfA2,0,7
0xb888f9f40F6007C06681306bba976F5e25691E1b,0,7
0x5C461A0C595d6B2a4b0f4a42fD55bE7aAeD8aF80,0,7
0x48C26fADfeFbE063b1773aF4732565bcB55Adc64,0,6
0x36bFF079a4532C2F818a65c6ad208cEA587417e7,0,6
0xDCde6E1B3023888615bB8a2745e67C7B781EF60c,0,6
0x4679bEB32E248aCA2D287230C255b26fb81Ed607,0,6
0xf2C929C22d491c2A2C4EC92EC6C2c11e6B861428,0,6
0x9E8C646220613d68eaf2B947f46c2B4F52Bf3f45,0,6
0xa669070D106E96CC2390523E9745B425a1b3a0E0,0,6
0x83a59Ce2eF545c019e77c542552eC0f0f58402B6,3,5
0x6260DC6bdCB72c7bCf3b31D51De7b7a1F585EcC4,0,5
0xE7C550dbF3BbDC20806FD07E8b8F7F264c9807c5,0,5
0x8061199A31983A077E691C08B2263a4CF5c24093,0,5
0x8dd6C4bD737966aaA05E8Eb2588E56B6165F7e73,0,5
0x1b40C1777A80ee97Af0C6da756Ce486EAB7d162E,0,5
0x4Bb7fba588B4254536DE4316e8FB346bbe275EcB,0,5
0x2247e9b5Accd54c7B8BB7b2462ed3010007eeD64,1,4
0x55F5843236D2e95E68E58cB05a43a09fa7745657,0,4
0x7326d9e1e07991bF1e90C2455f496fAC3234De0C,0,4
0x4dAf8ce9D729ca4F121381ec4B22123627C1C004,0,4
0xb82bE987cF6f25d0F040Ca4567e3dacb4b92Aa91,0,4
0x73C59bB67775520E2783258cED7C50E4890b1E91,0,4
0x53C40473DcdFd927C4201cCFE24E314a7D7C3584,0,4
0x8625AfdbF3744D433D850c681Ba881d028253c8A,0,4
0x9c768177521C9A832B0f8567265ef02E89D0282e,0,4
0xe057E6386047C690f6D2804Ecd61E68441774bBc,0,4
0x348B3ccAC1F8B763b19E91f5fBA71B85Dc305655,1,3
0x83f6fe95067E24AF601b1B822430c72C0098d208,1,3
0xC780F5C7eb59614646f78d0902527690BD16D921,0,3
0xb9756116b6316C81915D7B85179Eef63a9793897,0,3
0xe6882e6093a69c47FC21426c2DFdB4A08eB2dEC8,0,3
0x04F6980cbEc49220e8bd380e89E962F9e5Cf50FC,0,3
0x7BFEe91193d9Df2Ac0bFe90191D40F23c773C060,0,3
0xEdF1D20e8BaF83A0Dc46a8eA560B089752c44495,0,3
0x1eC9C8B70B7473Dd04a82AFc5930Dd0a34AB3Eb9,0,3
0x512E3Eb472D53Df71Db0252cb8dccD25cd05E9e9,0,3
0xFdbBfB0Fe2986672af97Eca0e797D76A0bbF35c9,0,3
0x39aa6b44cBFC54AA7DC8617901525f25D94f6990,0,3
0xF3200849aC675CF41E47e70B744AD38F64eE06de,0,3
0xcD14610e6Ab9bDF20C674B1D6b47C4E4f4C641d8,0,3
0xc8dDbbd6a6B846c1753290B62E18F9F51c6fBb53,0,3
0xb9b7Db94D57fe25907620eAae42b9780176CceeA,0,3
0x6b9E4F287d44cEa39Cd8CcEDAA42488617AA21A7,1,2
0x1e121993b4A8bC79D18A4C409dB84c100FFf25F5,1,2
0x090E1Fdc0CB866317751F0621884a203a8d797aa,0,2
0x02984E409a3270DB46FeDBA6b2E23A60E6D13b62,0,2
0x97475723b146785264C28A7a0b2BAC3737D65247,0,2
0xCF4b8bB80E3a01D79b41482B0485F4576cA7B983,0,2
0x5E827635F1cf30cAC8AB562f801Ce3CfE15A12D3,0,2
0xC1BD21eCd832ef3c3b1a393a0D66dD2B92c0a944,0,2
0xd6f631C796a56A5d448Dd88a01f15058c4A0Be52,0,2
0xac844ADA82F3d0241533d827ebF84deb89617792,0,2
0xAB51Bc7aa8636328E91bCC1B6bf701998fD3C581,0,2
0x3B27944505847cb14f3F2983638d082c8D9526d0,0,2
0x9B87E1Fd164E70E6FA8c7fbEE5943C2532f7834B,0,2
0xfD8bD978f198503a0BA9C5D7f7586E23fC4A4b40,0,2
0x33960796BAC9CDf2B766A5E93a789B7Bff07F67E,0,2
0xE2CDf066eEe46b2C424Dd1894b8aE33f153F533C,0,2
0x3A28AFB20EbB049541d553075a3ac54E18034aba,0,2
0xd334533980C201c1b93e39bBE6bD1E04be5C0f5D,0,2
0x8f5e97E1E3d47A2f223a67e06de21F067B7779Db,0,2
0xd0A9c2A0fD3930E7972F2bdeA8dB1649aE167170,0,2
0x4a3891b38d78Dfa5f2fD0732aD22768886f43739,0,2
0x2D42d6bB3d18A7be35D76b599aee9D3358b22B3E,0,2
0xea7c60bA79508855DC3C869DAE5b407e6F9fc307,0,2
0x445BA5093698E59D81dC4137C85779a99ec13177,0,2
0xe4BF6E1967D7bc0Bd5E2C767c3A2CCAdf23446df,0,2
0xc782b3d3a484aABA2C60b1238921CE0c0f6fd50C,0,2
0x3c5c884D512a4513c9C7440be3c2533175178a09,0,2
0x6129A2CF9D4f67C433a3EC867a912884936C1cbF,0,2
0x46679587281C67ae9AD977c8d84A6b8a96a7CEC9,0,2
0xf11ef6649042a468bf768c8d379351F2d99882bA,0,2
0x9C26c35dA01Fbba36c852Cd88e15F0ad70C5941a,0,2
0xdE09d96feb8498003C098F96eb6469194D02A6D3,0,2
0x49De76E8e7c1b6a974D6B766B9b5F5d199566e94,0,2
0x31d71C9F00C4cE70aE78069a3306ac38E263Cbe0,0,2
0x989225f2F9bA272aDbce6d579232C4113ee998D8,0,2
0xF4C2949edC28B09fbab45f4f6B15634F4A27df3c,0,2
0x4993d6b3be115359D90021DC42442a492Fbf650A,0,2
0xE35C6845D498DE5B851DBD9De1142FEb19295b84,0,2
0xf578475B51f9f77b2421C321D4c0D530942a5448,0,2
0x91d947DaA437F790BF8Fbe1e81Fd3Eda403796Bf,0,2
0x44a4e753a7eD24B9690737E6625B4C72Ad22aE70,0,2
0x28EF7B4252aC35266f5a16Af86046356Ce60fad0,0,2
0xE6599B2e61e550685bc83138bBDCF7CAa718E7ce,0,2
0x4d6fC855922b5e6b225546e7c2b145923F83C4A0,0,2
0x2DC820eb42fCFa3Bb36f9508037Dba8Ae82e0960,0,2
0x231826757Fc82dD458475Da1144e7C0fbb69f4BC,0,2
0xa1311Ea7909584Fe6971856AeFe0087C76C803A0,0,2
0x1137931a5a252860e1308bAdc923Bc22cb3E2318,0,2
0x0e4206b4118703740a14CBeddEA58DD60FbDA0AF,0,2
0xd8A7A2b86F5FE23eCBaceB3F807B8ff033136a53,1,1
0x425d16B0e08a28A3Ff9e4404AE99D78C0a076C5A,0,1
0xF0Ee04aF67809247ef194443E388e42933279Ef3,0,1
0x58D6747Df97Ef9cDAD836De1029d7EF1f62F14A2,0,1
0x0dAE2421e6Ad3B4C5dEA80C8EB94499679BaE823,0,1
0x074d3Ac731148D45f617ccd6A62FEeB8B585893f,0,1
0x009d13E9bEC94Bf16791098CE4E5C168D27A9f07,0,1
0xa25547A556439213176f9FECec50acc863305f59,0,1
0x34d6Dbd097f6b739C59D7467779549Aea60e1F84,0,1
0x654Fb39E9D11b5512055720A16e2Eda2a158Cc60,0,1
0xC2D201037bDF8F7fe905F1073106Bf4385b65A6f,0,1
0x0b98718264cA14d0A17C145FfE1e4F3c38a39372,0,1
0xA5564d22c8b18015Fd1A73f4A0665cD67396cDc0,0,1
0xA742A54E0b9Cd1Cac03c8F569bA4C606694261f9,0,1
0x02fEb744cA516FD6E41D940Ae2d0F7Cb6FCB1ac3,0,1
0x2E7a139A3800d78e9A23d44dA2c40a9AA78D6D59,0,1
0x571eBD4C979f1725593BfB129a24d595D6aDfC23,0,1
0xd7dE33E423662093dceA634866d245FDbc414Ceb,0,1
0x487aF989C7a5aA39316f9B7c35eD97888D04Aa33,0,1
0xB577517FB7A0A174551d6933c7Ff2F0EEA3004b6,0,1
0xccBF601eB2f5AA2D5d68b069610da6F1627D485d,0,1
0x172DE57f1be25d64E6D8d078B6779237126ecd13,0,1
0xDd431129ad3520c4be1C2173Dc799815D0b8EE21,0,1
0x40169F0F563f744CB38Df2881fA57CA44588e0FE,0,1
0xCD8ADF3247aA75d3A3243D77C4A0E2489e176d97,0,1
0x14e6b828AdB52153E5BF7C740A1a7312ef4B8711,0,1
0xAE63C95F7B569f58d676cd34d3D186b01eFE0Ac0,0,1
0xA2451E7404B3e1811Dd06649DFd8f34D1C579Be0,0,1
0xE790e84EFe105a610Ec61D9d31edC07c2569F529,0,1
0xbD7D06Eaca983E6fd6C1a3700BAA78C3d4acf8da,0,1
0xAf9EB4f8F69C41cc260Dcaec145be88FB6b05C49,0,1
0xe7Cdd6583b674AF8d10b89899b134C41846dA0bf,0,1
0xCA0073964efe7f9422CeB16901018b1DB0cC4785,0,1
0xb3004F7d51bDc415dfA9A0BE791AB2bbcdF02621,0,1
0x32b487B44f4e7c6485209DbAB4e985Bea8dC0b06,0,1
0x24561DA338B34f2c5Ef49c4F0f0A98c66BB60460,0,1
0x2CF70d98851fF4681d3CDe774191452ccC00029E,0,1
0x084cAF1bF60E49AeC07ec4148a3F1F0f57fD11eB,0,1
0x6ADCF08deaAf5913079707f923279ef4c6D5225e,0,1
0x5D97f3a8Bb293f9561892091779ed6af0DF209c1,0,1
0x25C07436258De2e4aaa36aE33F5A410bBf1fC5d6,0,1
0xe6feBbF4f01AC76972BB942c851378dd013b6c5C,0,1
0xFFcFA5F7b994AEB4c6931e0A6Cd95d8984e038CE,0,1
0x94f9Aa3Da56c11466026D97BCbB5E9bC99D9609B,0,1
0x18709337A2C6a460550B4B1b98BcaEd8ea368842,0,1
0x896aF640aAe249110765985E8945dd6d7FE51714,0,1
0x9CE6E6B60C894d1DF9BC3D9D6cC969b79FB176B7,0,1
0xc42F0288C3FC3f74a19e6b4b73B420d7564C7d30,0,1
0xE4f8288e2e7EAee5AC51dc8A8270715156544246,0,1
0xfCC06F7F02f6ab02051F259Db4f82F20d8d02112,0,1
0x2d51FE498918e0aFf4315c7B8E7a9330C10298AD,0,1
0x32a59b87352e980dD6aB1bAF462696D28e63525D,0,1
0x500B404749C6BEA7a95fCfeb679EeaDB713aE8fA,0,1
0xe9cc16B79E7EA3Cbc8124aFB7b547826Bc3dca28,0,1
0x9f63D8C42CD762C36BB3a63a13fdC3b7EEefa853,0,1
0x8CE17FF2c7376e9aDfe9C63C47a801097fA6C525,0,1
0xc42cEb990DeB305520C4527F2a841506095A55D6,0,1
0xDEf32c6A0DF5094b8b9622FF5AB9299148C947a8,0,1
0xCF15F2551A924c922115Bf015fd8C074Aea15683,0,1
0x46c9f763B2f9C3e6d632a75642Edb6c24fdABd21,0,1
0xF8602B1B931A6D4B50EA1fDae0e4B26FE653f933,0,1
0x0c8BA6507D2097A370Ede7Ef94E01D60f6fc47cc,0,1
0x3065a7F606523ab71bA702A732f6dE8bC96B3B7C,0,1
0x040044941f40bC7AE36edCBbe5ACFCb9f97Cdd1e,0,1
0x21b52546D6b2451e461d81B7A3C89DDF4D65cD2e,0,1
0xfC93d167C5CA38A0b76134a7d0afD9488abE2505,0,1
0x34606E4d14bfdA85C5f8314931C833755fb964DF,0,1
0x74F5234F3b9254AaD76C867b50C412E2680acb6f,0,1
0x5dcD83Cf2dd90A4C7E1C189e74EC7DC072ad78E1,0,1
0x11D76E050897A7ed12bc8029bEe5c6B3028638C7,0,1
0x2C0cb66e9148dA9f045A74703e82b4B67B2CE220,0,1
0xF67584e180D8004Ae4AADEc826363Af940A9696e,0,1
0xc044282f35f0aaed53C530ee226698ae9CC0AB51,0,1
0x5D98609F4a43ED4d36DAe38A58365B352109C7a6,0,1
0x54F65A11Ac61dE39DC70379a3CA0FA268EEf952c,0,1
0x649f69CCd077Da03dFb11f4b1daAb4B625f5E9A3,0,1
0x0ddE2E438d72E54c8D2e81f1BF51f42646E6c467,0,1
0xBE0FafF90e05e93fceABFd068a44594a7B739742,0,1
0x300772D881e58A4eb2BB0844D5FC9B2e5476B31b,0,1
0xB8d1047861979E496EAd3C37DD0370D122b095D2,0,1
0x62c8aCc91b488F5749D8e43C7711eDf76841b206,0,1
0x6AC2ebA12fA8e7e098d71f9480C8888C8884Dc36,0,1
0x4E82AD13eeC9D857EF7E3b014dfEBF32DDBD8884,0,1
0x513AeDacE44cc9a0724CA276a8CeeeE950903576,0,1
0x9Bbb5476491Bbc5c052c8A8C67d0c07Fb077F978,0,1
0xAbA1320725B9623D9a3c0BD2Ac8E23a78B99a37D,0,1
0x2cea91416b0a752Bf9A4B407ff46206d67cCD413,0,1
0x422D6cDE343e116DA1987838a431ad11ABca1974,0,1
0x432DcBdA06e8B296CA29705572D7cb6315Ed8Bed,0,1
0xFa9d539cBfd05303dAA74C7fcB5b3977962b61Cd,0,1
0x074Bb7c1A95AD308E67C06005bb3Dc24b6BAF480,0,1
0x20cc6Cf5b44fF68B6ffbb95F8b21E876d4611c20,0,1
0xDcE62b21A8B1A9b39dD3ded27C876d416CC91B3e,0,1
0xd30c4c6aD8D51fA4fdb2dCa481AF38695d921386,0,1
0x05D79534d876578fb2DA65220a66d6c953c8b252,0,1
0xe596607344348723Aa3E9a1A8551577dcCa6c5b5,0,1
0xdEC6D1C36e6a2C20642dB914b3462EA65629668e,0,1
0x193641EA463C3B9244cF9F00b77EE5220d4154e9,0,1
0x40bBA8B1C1140DEFC330c79e4bcBd2CC40e7a380,0,1
0xdbC529316fe45F5Ce50528BF2356211051fB0F71,0,1
0xC69aDcA4485C0C494f34e9Aa6b0A31f343f76411,0,1
0x90F15E09B8Fb5BC080B968170C638920Db3A3446,0,1
0xCEB99F56d3604ea415c3322F992A1bc8ECeC51f9,0,1
0x06F4A72304ce2c6f378CC5F3d2db94c3F0be87A7,0,1
0x4917301CD148FA9265478f64763F71a1d0BC6B9e,0,1
0x5345462544ed763639519376C298E939228dD1f4,0,1
0x955aF4de9Ca03f84c9462457D075aCABf1A8AfC8,0,1
0xBb3B78D867868Eda51A4c45f14D5667E211ffcbc,0,1
0xEDb20d8DdA3d6309E6722A758a9c47B0B5CbD037,0,1
0x4D4Ef453CF782926825F5768499C7e02DaA3A9E7,0,1
0x09f3aD5C718Ee63d5a4905330fA4eEe246757906,0,1
0xE6Ee2eC5325269CD5CCaD6D6e444A4F05c5b946b,0,1
0x2649bB086552825Ced34545388Dbc40f6C51Fea0,0,1
0xe8a4900BF1f3e498d6069f96158bCc132DBB7B44,0,1
0x510c0fcBD5FE56af9F5b23F7b7c4Ad0bFF2b5B00,0,1
0x82FA32993fFF3BC87777136d28935B9E89A6195D,0,1
0x1E4625c98c5A1c4409B96A8984dD4dc6Df8aefA0,0,1
0x63744Da6d74083d435458b51668367A9bC11d3cE,0,1
0x39409e325de39E4bBd753Bd2ee49b46Abb39cf7d,0,1
0x6f8348B951943FA0a2a6065067eB2Bd6180c244d,0,1
0x2D8304750A8AC17DC1B9A5Da1c85c0a55f12c3D3,0,1
0x1477a58ddaa60Bc3fA335a15D8a601Fc6EBC754A,0,1
0xCeD0EfA7579304Ab5b38BA9B5C65CAd6be322aD5,0,1
0x59a1748B98C8735486a185471D13b123b5054Eb4,0,1
0x0397D4A6f9078884a1815f9dbE1e3fDcCfdc4C50,0,1
0xCF54B70Bf3CEC789dEa3B7b2A01d3147cd6cd0Ef,0,1
0xD14100097D2BD812AcbF2501F3464aCcA262eA04,0,1
0x798a59cB1EF7110e91640Fc6A8056D029BA8a42E,0,1
0xC1C79C6378e5A72895C8eA15fc6Dd59fFddc8dee,0,1
0xaD15D7680e0100291E9832B497c96e143919Aa4f,0,1
0xB78000150490739ACBbD735b3D79C030499F12d6,0,1
0xD89dCd226f1f902D060B4F5897EDc130D8a7b312,0,1
0xb386B3370F3C258d241fED394050d60F7c421bE7,0,1
0x68fef70c0b2E336492149184353EC5E2D17dfD62,0,1
0x3bAf04a1dAccB03F4806694Cf1a266E1C4DF1310,0,1
0x33B15e72Ab68E0c563EE9E1610C4c643bA51f9aA,0,1
0x073aBA73177668Ba1c6661A4CCddbF77dfC8809a,0,1
0x624Fc0A7B29002D7E06d35b9D7E0fc690a4FeBB6,0,1
0xC10FA265ce69337EB0eCf7B02d652E8d28b61A17,0,1
0xfea257550b79d7d55e3CA67bc5886b3996E5DD2A,0,1
0xE5508496e06583da360670Ce4AA4024a01E9861B,0,1
0x4c47b2520E9f7E3da15dF09718d467f783b03858,0,1
0xd4eA6f865D5d2750ee63F1bF8b4274d5AB3279D8,0,1
0x16F570e93fDbC3A4865b7740DEB052eE94d87E15,0,1
0x718D954C79693Ca4814B44f6690bFC8bd8E7594F,0,1
0x48AA90Da05b42ce09342475B6391eA05F26157b1,0,1
0x1199bc1657e2178DD2B64B79414d0459adf62Db3,0,1
0x9D6b33774BD65aFD1392b0303265E45176c7d33a,0,1
0x76Da9F88e63a85Ba8BFA19F3821D5A271753D3dc,0,1
0x0D66d90E1Cbf2Af6bEDE5Ae3d12e66Bb0B760AE2,0,1
0x7AAEE144a14Ec3ba0E468C9Dcf4a89Fdb62C5AA6,0,1
0x3DE338eCd19234437BdD453b841867c5a6e56056,0,1
0x181ae03A7F3F320eC1255c913C9cb63fcE12F77A,0,1
0x62bC3dE30E94277213c44C21c55ae0bEe8AA956F,0,1
0x8c8868c77E0546b34f196595f0e727BC1AdD2e4D,0,1
0xF9f12F065499fAC55f031D11D1f1439e4BfA8525,0,1
0x025ec8c36928dA3FE20aF7672DF18881E9131F0A,0,1
0x7f955a67EdBaD58547Eb4Ed729f64C5aa70cc349,0,1
0x9D8867D21C0970A18163E62D9BD23ac19fCA0488,0,1
0xfff5BF5288298154dBb3aa86ce9FdFBaAd9dAC33,0,1
0x1979B08563c5Eb0716122d86B37d3fF569e2757D,0,1
0x52EF1F3c4A1068d0079093cD2DCAe9eBE9Edcb8F,0,1
0xc661B3C79d0E07B3eC25d57e6B8BfFa35981D5F1,0,1
0xF89BAd8282Ece5A1Ba4a6d38e5D757c00d35F852,0,1
0x347e3AF43bB62ae59569D09630c1287f135C7cbA,0,1
0x71Ac0A4B655d6d0d6D4f59345561a8cA0775BA2c,0,1
0x8942AE01572653790D83959BEd158498fB2fa330,0,1
0x592E857197B0731e218f5E61C076be082cE325e4,0,1
0x1A162A5FdaEbb0113f7B83Ed87A43BCF0B6a4D1E,0,1
0xf08214cbe3527cf4FD65bfcE128e32C6EEdd2174,0,1
0xE03D3BA9B81A9F71A39d2a1BeFD5587D698B220e,0,1
0x87f13c2d3550F32f5EB4c3C3FeA371D3C7046F20,0,1
0x441ACE24AfB1d17621D3EC78d3911Ee2297D993d,0,1
0xc6B45909047ceC807d4f1Ec2057560262CE1A5E8,0,1
0x43799E28b96D18548b496558Bc816A3F88C8038B,0,1
0x9459EDa837626A5D7f929BAf7d3AC1DF60e26239,0,1
0x394d569dB6BCcCD8737c1ED25E5276c4Aa12b145,0,1
0x3C834328757b08f2Cc2B238d6e9858fa795543af,0,1
0x58c0c064a89138bF3216c20f4E4827ec0fE78E87,0,1
0x2594583d1A53412a8505B4d11CBdFd24138D9dE8,0,1
0x10b57e68AAcADE7280A6A46575B63E51e275CE50,0,1
0xEb90B0BFa6a9Ab13E52832698e42729a32EC63b1,0,1
0x5F162612b6Efa5684734F0983B9e6173e48F90f2,0,1
0xeb48CFe163d7E07804CBdEA15D5ee5205bCCDb74,0,1
0x0D1038e45Bf2cbaBb7f724d5D3BfDf3e515af2C7,0,1
0x5C5F81454d78bb96c82209d048406D592ABD3674,0,1
0x2AA0E6138bCE660A85682eBFF138Ca72Bdd91e1A,0,1
0x450C4CcF897c23136c230d33a1d42C2037815CCC,0,1
0x514E494c86F9249CfDc0e072f71f71a97cf33e65,0,1
0xD58DCd4594087c2758717A59f44A5Ac09DB65105,0,1
0x69d08A457b0ff73291e0cb741cb863825561F616,0,1
0xDd5FdAe3934E1B70959F73306429db9acED61F08,0,1
0xa44d7564A47067EDF7838eF5C91E8C3fb8fBD6E1,0,1
0x37d0371D17e5E587B236504515A4bAabC08da619,0,1
0xB424deAA20934B71BAB90c4fa6338702bdd65235,0,1
0x8cdDEb3f2D0b56a2e2Dd36Bfe27f55B1630B647F,0,1
0x99C59A1d27329751984e84FD61e2A7f5A7B0C25B,0,1
0xb35d5a85fEee6B37498201E38b18E87BDCDA0e24,0,1
0x9a0145D1B1b17293e7F722f80757D2b6489f0a4c,0,1
0xF283f0Df303695b7A47E6116D85b25331f27e2Aa,0,1
0xA0048fBC1d1490E51Eb19176690A6c8AE6ED7B11,0,1
0x127E95DA781c0B04ec522574aBd0a758481D088F,0,1
0xa2917120C698fb5F2A03e3fD3524bdA85a3eaEF6,0,1
0x4F386765BfD52aB4C428028078D5D2c939A4Ae65,0,1
0x0a148AB4952486f99619b05f221548a8C9b0dE9f,0,1
0xCEB775D4b09C2FBA2fe51eFCab6E39a7dA1528c3,0,1
0x0F45156F109e474295913D78036FA213b1745D5A,0,1
0xEee7D012C1829ce8f9553b3B3B9500682671197a,0,1
0xa40eb69D2ADBD34Ea73ea1Dfd049F825e8216Eb0,0,1
0x29D5cE94785f8D063f2dE28a70Dc4a82E40e662D,0,1
0x75E70dB620d5491f69526E22355236f65B46834E,0,1
0x6Cc1a726e7f9F3BC5046ad7225a7F5A7280A9415,0,1
0xaAE1478eE9f89f07c789E7D2C3647E606Cfb0386,0,1
0x0994fb225e709fbb56Afa5E921B62fC17b5C2771,0,1
0xc7e6DA4D1373BABa0033A9799470b3B4900f338C,0,1
0xCB7D87F5502fC91529E0fE92373dDDd8Ff1f3D7c,0,1
0xBc8819C1821Bc52b5d30D2Dd52F0Cb6110510005,0,1
0xEdaac252dD2D9A85322404dF6156BBCec82bc411,0,1
0x24D27B448758eed485BfFEBCaC5c571274603EDa,0,1
0xc638b5e4068f45c01874B0f1b70C522222c182eb,0,1
0x5d5c3b3B27f1Ec10602A2EfE2A2c5228FEB902F2,0,1
0x778d9745bFd9d9743Fc6D5354C770cBae3A53652,0,1
0x6aA615f8dF23F10603653769E19bF37458EC50d4,0,1
0xBa03Ba802059269F7Edc976F008D2e8EaA7EdD9f,0,1
0x21d446fb59466800B44143e821ab07D4f28f8D1a,2,0
0x0035Fc5208eF989c28d47e552E92b0C507D2B318,1,0
0x4702D39c499236A43654c54783c3f24830E247dC,1,0
0x68011367F4a38a2478c7B02e78E5775F2D0BCf46,2,0
0x639D62aD54a526D9E77831E00Eea371d44f78878,1,0
0xf8Ed473803bC8D7d9Ea5edbFe79487198B7Ee0FD,2,0
0xc9645A47E927400B68fA169CF8E9DFDF3e3FFDFA,1,0
0xb0e83C2D71A991017e0116d58c5765Abc57384af,1,0
0x73Eb240a06f0e0747C698A219462059be6AacCc8,135,0
0xb3DF5271b92e9fD2fed137253BB4611285923f16,1,0
0xD28a4c5B3685e5948d8A57f124669eafB69F05Bb,3,0
0x765078e631EfC704EB5674866a7dCc06828E5C29,1,0
0xC8Be49a9b1ca1A1cc654491a7cBbD27aBfA06A81,1,0
0x40F29A3185A8f541310F15B3d09957809B2Ca1B9,1,0
0x124f00837680245934b97D600F5e7144656482c1,1,0
0xbA22746D79E75931DD8C0336760332E5D4a372a5,1,0
0x71F718D3e4d1449D1502A6A7595eb84eBcCB1683,1,0
0xE10De56A61BC036fD58a497Af534D00C5B6D64a8,1,0
0x70CCBE10F980d80b7eBaab7D2E3A73e87D67B775,1,0
0x0E07D202984A878333DA0546a45B4fE0BEe95960,2,0
0xC421E0d5aC5Df6D783dD5b2F021Dc98e3dE6a4a4,1,0
0xf7Bd34Dd44B92fB2f9C3D2e31aAAd06570a853A6,1,0
0xDAa094A0Ed166FeDF8a0a4310f3F74a1e96F9195,1,0
0xE6DA683076b7eD6ce7eC972f21Eb8F91e9137a17,2,0
0x1C277bD41A276F87D3E92bccD50c7364aa2FFc69,1,0
0x4Db01E01782c4aF89586f5052592b5Fa89dE259F,4,0
0xB21731D830b7e8460E5D6c66Dc1CcC0A5D0A6B87,1,0
0x3D7EbE72E6C787434d98846516BB9ab7Fa160EbF,1,0
0x2f5c8E25518F06254DB95eFA4282AF516E310D08,1,0
0x687d89A65F28391ac6a1272Adc9FBFD59dAaBbbf,1,0
0x56376d75943EEB7405285E0ba37C26897dc17037,1,0
0x17ae0a6BE2e97b384165626dB2569729d5006640,1,0
0xc0F6bd9F0BE7E08b51f65B82fC95A19Df826F0fE,1,0
0x2218789BAFF037cb8D8A04E20c8C686D93250192,1,0
0x5430cda23C13F9a104fBA9cE02b45B8684a9fA91,1,0
0x75dB7CD1971240d0895FDD17568Ffa776Fa2B17E,1,0
0xe4f14C5d5Ede901243d6e8b3C0647Ac42c3319F1,3,0
0x0A4fC1B3308e763A6A322f38138748a781D5B576,4,0
0x399E9B70397A98e18fA4622BD991C4B257ad6E41,1,0
0x4CC25E0366c564847546f2feda3D7f0D9155B9ac,18,0
0xe90b76EB5a320628df1d9E5103c5421d31BB7743,1,0
0xF4880975728EE25A96C701c225c9EF58Eebe5a5b,1,0
0x51b0B7aB0aF8BA0E689299F00a733dE2F7080569,1,0
0x41b289C60F14230944e3f88Dc11d7E127F7Fba40,2,0
0x19AaB2a57E925d6fA11ef73E17F4a10C69d85221,1,0
0xBa305585E47fC8778592e12bcC5dEC8ab0E1673D,1,0
0x037dFD569DeFBC08aE28001159b4c49f6d006cfF,1,0
0xAbE44a0aB77804E86347e3F3A49ee5b890372178,1,0
0xC8076F60cbDd2EE93D54FCc0ced88095A72f4a2f,1,0
0x7c46713490E379f515A182d8a5a36deC9d99Be6A,2,0
0x90f68fF1c0c98e50BAf4b494dF90D05A580618e0,1,0
0x2426A88410cc00428aa03439d262360ee7263645,1,0
0xAeF6ea60f6443BAD046E825C1d2b0C0B5eBC1f16,2,0
0x889CdBfeB333dAf9C2DEBaFE2Fb5E7DF92E16dD6,1,0
0x71a15Ac12ee91BF7c83D08506f3a3588143898B5,1,0
0x5660C85c9F83f51686AE2F96b0520685CDd72AA6,2,0
0xA6Cf0Fe54a23054eBD8048C3b2A117B1e774363c,2,0
0xCC8Ff1cbbc0E4F8bE5475Ca803E825401d5Cb615,1,0
0x5D9a71CD22694cf420726EC4c96262f8Fa1Ec64a,1,0
0x45F00a71aD07F32a785cca0c0C11486063Ea874d,2,0
0x0b304924fAa64b0f040dcA67bC5175Dd6078db52,1,0
0x794a15F93CEd01F1B0bE5b184344F0B811851BC0,1,0
0xa0a06c7118cBa5FBe03f1c8b4f8b635C96733796,1,0
0x1f1dBAEd8f8d449729BE7654a8FE24A0767565eC,1,0
0xaab5E297B7113B6c188B5B611ba2724bC1DeCF6F,1,0
0x458094822b2Dc3E3e70e9B5f8507389f1F4DBAB5,1,0
0xb2d46872391fD3057Af3bD17970e2E0bd3c8A873,1,0
0x69873461B8F29F3a3D35449e2173040e0AA1571d,1,0
0xF6649FF37951880dfcEF6CFFEC88B9E40Cf6B6ab,2,0
0x257778AD62d2233CCcB5489AA090941c47C3C851,1,0
0x9D269CAF80970C7E854c99db8B0c20868825546b,2,0
0xb1f530f9894E19446b5c6f315B1174d77449Bcf6,1,0
0x509f115e6f071d1527361C9b4c8ae7Da33C29a34,1,0
0x440E9884AAA6f7e32Db41b72b8F181967c507e98,1,0
0xa04275c10f39E8675a34e147E2EF78d35129f2b6,2,0
0xEeE7FB850D28f5cabd5f1EDF540646b5bEA17CE5,1,0
0xa3903Bc9e6EdBdff8b8f0E3035518c02bbe1605D,1,0
0x022ca32d31da3Ef85922AAFD9aD29C5b2418172C,1,0
0x80b9Aa22ccDA52f40be998EEb19db4D08fafEC3e,2,0
0x860001218D2476481629B7c64960bd6eDbEdD848,1,0
0xF52de183a7335f6d3ddB3f815dBfc9eD28A1ff4c,2,0
0xc688a50acd33CdCBa91760f58290FaB20bC11095,1,0
0x129B027960B6D15B2C235FC04ac17caAA1d910E0,1,0
0xFAA52FD31109c9bcD2717cDe2A1eD50c387D55D2,1,0
0x118b3A4c4E1346581EB539Fd235585579e93c23D,1,0
0x095bfDBbaD0C1de8F7568A78AaE982AA895E3C0C,2,0
0x6B651CaD4aE6A06F72753429E818878a543c6203,1,0
0x96b0425C29ab7664D80c4754B681f5907172EC7C,1,0
0x6acCFBA19e00773EC4c8700096e5c0E84a40C2Fa,1,0
0x336A076FDc2EF18aFB87bDC7ab7ed9e1FfB73141,1,0
0x53Ccd5b4cd5bcC60727e00355C21acf427AF86e4,1,0
0x13AB5e30deAc9CFF34be7cad126f8b464A8b7450,1,0
0xAC51FfadA389cfd51F15127d4266E1960a8B76AD,1,0
0xe70C9481dBbaD94EC9A5C05086F9A957ee0Dd74A,1,0
0x9755e99bDB99495D3D31D953785D993C6DF8552E,1,0
0x8938957A8Fb738852DEE9441270c673b7DCBAa26,1,0
0x813eF85A9FC6e8D4A4c6594543c31e4cc64426C8,1,0
0x5a9cB28009C4c543B332ae59964a6f0932518169,1,0
0x13cbd624Af484c4C695ff0E1d0B7e125d45F2C76,1,0
0xe45bfBbce6b346682dBFf697B50f691F9e3A05ef,1,0
0x4FAdf1Dc1E544955382287433B660531c3232E0B,1,0
0x444483c2d87a6C298f44c223C0638A3eAc7B6ea0,1,0
0xbDfA4f4492dD7b7Cf211209C4791AF8d52BF5c50,1,0
0x28bcBFA0d9Fd8Af3c4f993cDA6640ddc9FbbAFEF,1,0
0x067134Eaf65E507Aa066BA58443DA431E2d81F27,1,0
0xd6E9C9A8002C7E2EFc99E7acab60C442fc9DF4f2,1,0
0xb789221616C7be137f33D545758F5510591D725E,1,0
0x1AB18167ECAEb74959E565A52eDEAE55BCd879c0,1,0
0xf69EA6646cf682262E84cd7c67133eac59cef07b,3,0
0x22aB945B234Ab07784044D291D7fAF7a15219DB2,1,0
0x6f9BB7e454f5B3eb2310343f0E99269dC2BB8A1d,1,0
0x7f83D0aA2b3cEFF22d1c21F5Ada562Ca17BdFB12,1,0
0x79E4944C76a8BAf27720012843BD68a6ecf28c14,1,0
0x47E3F033877A9a8Ac49B72EcfE9368A664E4cC5D,1,0
0xBA883236e86C77ec16c0C5D3E040F4E15CA11fA7,1,0
0x6A42888A9F9aE5b319BAa60DF5144F870fdfD7a5,1,0
0x2239Ac202240074B006a0Cd2C201284a284dfe21,1,0
0x9C258268d067ed41C7E6e6042671CE416713FBDE,1,0
0x7A6aBF0cA7DD5C3122273D8f8D1056d555B5D301,1,0
0x7E6be584B2B1e5C144dB8d19979A1D33aA9516f9,1,0
0xC45E55916D3Eccde0AA3b02BAadC03D10cF1c204,2,0
0x5aa58BBde56AA25D5db3ae034632DB83579ac7D9,1,0
0x40f7eb376C8b53D43f32e33348EBacD1222bEe5E,1,0
0x464fd6B8E4DDe4352117940a07d7cc93269a77Bb,2,0
0xdc120A50C99A748300434fd6b590c8A26e486540,1,0
0xc164411CCb8468E0c9F6a0Fc0B06E69f5845AC30,2,0
0xB4a2E8824a2648874d92DbE34572B00ACf96aF24,1,0
0x3a6931B8385405429635f9D68833C2Dd93779e4E,1,0
0x5a05922137b806326a54f55B8373f9DFdB82B18C,1,0
0xFd752Ec21d6B91A14AC79117e50Bb5257Cc04878,1,0
0xB8DDBC7331308f796888b0Dc72B35E112a2949Dc,1,0
0x927e58afD6225D634D21a1486a4cC95E7221DFFD,1,0
0x42aaBD3A2f2b64A44B99e0ab025657ba73B871a2,1,0
0xdDE05dA1122494C9aF1694B377aDbB43B47582C9,2,0
0x4096D69deE9EBDbE23C939a241660F7861e0A223,1,0
0xCDfbb151aa582eD07ef341F678b675Ae0ee7641e,1,0
0xdFEE40a82276D9BcFa3c346988cC1E83A664E276,1,0
0xd859CbAD6f4fbEac118c5f4CBf47ED21215f0C9F,2,0
0x73Da40edBa728ec51F07424408d9E308FEaF7252,1,0
0x93b9fA5B0fdCb2562B3a64D48e9b71b5DEA3Fed1,1,0
0x1DFd753D0b19b3F0c36A2a80808Cfb98affFa290,1,0
0xF433771bE52fe3B915b5c3840Ffe9A55425766E3,3,0
0x926f31D9D9416234E50D5BBa96B8f86deE82E87E,1,0
0x990F7A79e5Bc29e5863865d39262F755F6C9412a,3,0
0xc1fA63BD4189a9C49A30010B6a3aB11194A95842,1,0
0x134C29aEbD928389e1edEd64CF63c0E516e17148,1,0
0xe5cFe750d87dc62D9EBB5FfBd286307Ef2C3D67e,2,0
0xf49Caa0bd91EbC36531f5099E244AbFCb2C8CB42,1,0
0x793a4Cd73fEf2561c7762dc53eB89c68c30210a9,1,0
0xeEB203F58ef324201Ac7f7e66376aA722608791C,1,0
0x5C1E6bA712e9FC3399Ee7d5824B6Ec68A0363C02,1,0
0x670FBcd11fD54908cabE97384F0D2785d369DCD5,10,0
0x11675FF5700d034934Bfc42d9AF5D961ab287b41,1,0
0xBe6711899416B144405dC11EF71F4533a0C3D7f0,1,0
0x0B3492Cb3cE07Cd3d04Ed6d41E40687b688B7A7b,2,0
0x844850092711B0ebBB75f6FA8B65561d4811D61d,1,0
0x9E43b71D2483dff3ED2a369D92a13146C836b100,1,0
0x83999F0F1cCDeC683778C4769b1d8Ec8a2020dc3,1,0
0x47DEe47e2B82f6c80dA6aC8f40ECA906C1a27A13,1,0
0x16668854dD35B25D3b219Db372cB256Eb9898b98,1,0
0xE88938FB9EdCDcd88F822723E72f3781bFdd7a25,1,0
0x14E61826f2C41552E9C6E6D7FD03b197fBb7A9b4,2,0
0x16a7c3C15df7aD6A8F1B4C33420cA57C156c67Cc,1,0
0x84afb4B60844F8759154d6Ff7B0580Daa2D4e37d,1,0
0xA32612536598a9CB6b67C64b2FdC1BE9d2080b3f,2,0
0xdB47410C0C6B7a21Ed353599B3a297d24218d01c,1,0
0x98f836eFC35E5651DF2a39C707c57d9c6b081a21,1,0
0x11DbEB0461523Bd45eFFe94E294b3adAF9012232,1,0
0x4b755Da65B020e184Ba0a474c0fB3bf4B4406792,1,0
0xEd586dC568ad7f87A7f84C53Fe91969c10576230,1,0
0xbfCe71b736968c20d58397F5D4eaB86299DC7eBC,1,0
0x4bE4722a2aC728B35fd03ef5EeFDd82FAE98f2d5,1,0
0x61ABf360FEe2b472b8E6dCD94215120259A95Dd7,1,0
0x888cE3959812D1bc4D5272bd88b6ad41192eAb40,1,0
0x2A1049062c6Cfd69bd38fbaf3b0559DF1DBbc92c,2,0
0x07a1f6fc89223c5ebD4e4ddaE89Ac97629856A0f,1,0
0x00f7e22573efD17b62506D0DC09f57095c244de7,1,0
0x52Ae43Aa7Da632Aa49d1128e12549edE6137F8e2,1,0
0xB1e22281E1BC8Ab83Da1CB138e24aCB004B5a4ca,1,0
0x2E300b3B969a5021b2CB734b11129E4e0c7BF728,2,0
0x86D9Dc0fc8BC5aD48373eEefAFF4826a081DB114,2,0
0xaF184b4cBc73A9Ca2F51c4a4d80eD67a2578E9F4,1,0
0x3102c0c970ea9028b6E2abCE8bd4832d623A9d4C,1,0
0xDbe9Fe36b710D1EE3f80C0dcA9EeF065619b9623,1,0
0xd54C2dCB90071bFdCf73Df941d46eE6b99a28AE6,1,0
0x42f7bC2A19ee9DEa55240b265d030EA21e641181,1,0
